,Student Profile id,Algorithm Time Limit,KP Length,LO Length,KP,solution,LP Total Time,LP Score,Algorithm Run Time,Max Time,Max time per session,kp
0,0,1,12,12,,"[46, 32, 79, 39, 54, 85, 75, 11, 80, 51, 3, 29]",6447,277,1.000056266784668,8000,2000,"[6, 5, 9, 2, 7, 12, 8, 11, 18, 17, 15, 19]"
1,0,1,3,3,,"[11, 75, 29]",2077,79,0.0003757476806640625,8000,2000,"[11, 8, 19]"
2,0,1,7,7,,"[42, 65, 80, 51, 11, 75, 29]",6086,187,1.000258445739746,8000,2000,"[6, 14, 18, 17, 11, 8, 19]"
3,0,1,5,5,,"[11, 3, 51, 75, 29]",2885,141,0.0057332515716552734,8000,2000,"[11, 15, 17, 8, 19]"
4,0,1,11,11,,"[13, 90, 71, 82, 3, 76, 32, 58, 75, 51, 28]",7989,276,1.0783748626708984,8000,2000,"[11, 1, 3, 18, 15, 9, 5, 10, 8, 17, 19]"
5,0,1,7,7,,"[88, 39, 36, 58, 54, 65, 29]",4335,191,0.1155860424041748,8000,2000,"[1, 2, 4, 10, 7, 14, 19]"
6,0,1,9,9,,"[46, 32, 36, 58, 54, 16, 91, 11, 29]",5182,229,1.0787866115570068,8000,2000,"[6, 5, 4, 10, 7, 13, 16, 11, 19]"
7,0,1,10,10,,"[82, 13, 51, 75, 3, 16, 91, 65, 42, 29]",7942,274,1.0000529289245605,8000,2000,"[18, 11, 17, 8, 15, 13, 16, 14, 6, 19]"
8,0,1,4,4,,"[80, 65, 42, 29]",4946,92,0.0032951831817626953,8000,2000,"[18, 14, 6, 19]"
9,0,1,8,8,,"[13, 3, 91, 16, 54, 85, 75, 29]",5205,216,1.0000503063201904,8000,2000,"[11, 15, 16, 13, 7, 12, 8, 19]"
10,0,1,12,12,,"[39, 79, 32, 72, 58, 75, 51, 11, 80, 68, 88, 29]",6380,313,1.0000441074371338,8000,2000,"[2, 9, 5, 4, 10, 8, 17, 11, 18, 3, 1, 19]"
11,0,1,3,3,,"[80, 51, 29]",2607,55,0.00025177001953125,8000,2000,"[18, 17, 19]"
12,0,1,8,8,,"[90, 11, 3, 91, 65, 80, 51, 29]",5553,216,1.0000617504119873,8000,2000,"[1, 11, 15, 16, 14, 18, 17, 19]"
13,0,1,2,2,,"[11, 29]",1502,46,0.00017142295837402344,8000,2000,"[11, 19]"
14,0,1,4,4,,"[42, 39, 88, 29]",3879,112,0.0005633831024169922,8000,2000,"[6, 2, 1, 19]"
15,0,1,5,5,,"[11, 3, 85, 75, 29]",2972,145,0.0892341136932373,8000,2000,"[11, 15, 12, 8, 19]"
16,0,1,10,10,,"[90, 39, 78, 3, 51, 75, 11, 80, 65, 29]",6371,256,1.0000507831573486,8000,2000,"[1, 2, 9, 15, 17, 8, 11, 18, 14, 19]"
17,0,1,2,2,,"[42, 29]",3122,46,0.0001583099365234375,8000,2000,"[6, 19]"
18,0,1,13,13,,"[46, 67, 93, 86, 3, 14, 75, 11, 51, 80, 68, 88, 27]",7871,286,1.000044345855713,8000,2000,"[6, 14, 16, 12, 15, 13, 8, 11, 17, 18, 3, 1, 19]"
19,0,1,10,10,,"[46, 32, 58, 36, 76, 39, 88, 11, 80, 29]",6466,255,1.0001513957977295,8000,2000,"[6, 5, 10, 4, 9, 2, 1, 11, 18, 19]"
20,0,1,3,3,,"[39, 88, 29]",2107,79,0.00018787384033203125,8000,2000,"[2, 1, 19]"
21,0,1,15,15,,"[82, 13, 93, 86, 4, 64, 41, 39, 36, 58, 54, 14, 75, 51, 26]",7999,360,1.0001025199890137,8000,2000,"[18, 11, 16, 12, 15, 14, 6, 2, 4, 10, 7, 13, 8, 17, 19]"
22,0,1,7,7,,"[80, 3, 51, 11, 88, 68, 29]",3939,183,0.3868584632873535,8000,2000,"[18, 15, 17, 11, 1, 3, 19]"
23,0,1,10,10,,"[82, 67, 54, 39, 76, 3, 16, 91, 11, 29]",6757,227,1.0001122951507568,8000,2000,"[18, 14, 7, 2, 9, 15, 13, 16, 11, 19]"
24,0,1,14,14,,"[39, 55, 86, 4, 79, 32, 41, 64, 80, 68, 88, 11, 51, 29]",7921,327,1.000117301940918,8000,2000,"[2, 7, 12, 15, 9, 5, 6, 14, 18, 3, 1, 11, 17, 19]"
25,0,2,12,12,,"[46, 32, 79, 39, 54, 85, 75, 11, 80, 51, 3, 29]",6447,277,2.000098943710327,8000,2000,"[6, 5, 9, 2, 7, 12, 8, 11, 18, 17, 15, 19]"
26,0,2,3,3,,"[11, 75, 29]",2077,79,0.0002224445343017578,8000,2000,"[11, 8, 19]"
27,0,2,7,7,,"[42, 65, 80, 51, 11, 75, 29]",6086,187,0.8121745586395264,8000,2000,"[6, 14, 18, 17, 11, 8, 19]"
28,0,2,5,5,,"[11, 3, 51, 75, 29]",2885,141,0.08812403678894043,8000,2000,"[11, 15, 17, 8, 19]"
29,0,2,11,11,,"[13, 90, 71, 80, 3, 76, 32, 58, 75, 51, 26]",8000,280,2.0000574588775635,8000,2000,"[11, 1, 3, 18, 15, 9, 5, 10, 8, 17, 19]"
30,0,2,7,7,,"[88, 39, 36, 58, 54, 65, 29]",4335,191,0.19862151145935059,8000,2000,"[1, 2, 4, 10, 7, 14, 19]"
31,0,2,9,9,,"[46, 32, 36, 58, 54, 16, 91, 11, 29]",5182,229,2.000063180923462,8000,2000,"[6, 5, 4, 10, 7, 13, 16, 11, 19]"
32,0,2,10,10,,"[82, 13, 51, 75, 3, 16, 91, 65, 42, 29]",7942,274,2.000051498413086,8000,2000,"[18, 11, 17, 8, 15, 13, 16, 14, 6, 19]"
33,0,2,4,4,,"[80, 65, 42, 29]",4946,92,0.003038167953491211,8000,2000,"[18, 14, 6, 19]"
34,0,2,8,8,,"[11, 3, 91, 16, 54, 85, 75, 29]",4579,224,1.993685245513916,8000,2000,"[11, 15, 16, 13, 7, 12, 8, 19]"
35,0,2,12,12,,"[39, 79, 32, 36, 58, 75, 51, 11, 80, 68, 88, 29]",6709,321,2.000046491622925,8000,2000,"[2, 9, 5, 4, 10, 8, 17, 11, 18, 3, 1, 19]"
36,0,2,3,3,,"[80, 51, 29]",2607,55,0.0003237724304199219,8000,2000,"[18, 17, 19]"
37,0,2,8,8,,"[88, 11, 3, 91, 65, 80, 51, 29]",4860,220,1.691765308380127,8000,2000,"[1, 11, 15, 16, 14, 18, 17, 19]"
38,0,2,2,2,,"[11, 29]",1502,46,0.0001728534698486328,8000,2000,"[11, 19]"
39,0,2,4,4,,"[42, 39, 88, 29]",3879,112,0.000583648681640625,8000,2000,"[6, 2, 1, 19]"
40,0,2,5,5,,"[11, 3, 85, 75, 29]",2972,145,0.09121465682983398,8000,2000,"[11, 15, 12, 8, 19]"
41,0,2,10,10,,"[90, 39, 77, 3, 51, 75, 11, 80, 65, 29]",6431,274,2.0000548362731934,8000,2000,"[1, 2, 9, 15, 17, 8, 11, 18, 14, 19]"
42,0,2,2,2,,"[42, 29]",3122,46,0.00010466575622558594,8000,2000,"[6, 19]"
43,0,2,13,13,,"[46, 67, 93, 85, 3, 14, 75, 11, 51, 80, 68, 88, 27]",7866,294,2.000098705291748,8000,2000,"[6, 14, 16, 12, 15, 13, 8, 11, 17, 18, 3, 1, 19]"
44,0,2,10,10,,"[46, 32, 58, 36, 76, 39, 88, 11, 80, 29]",6466,255,2.0000507831573486,8000,2000,"[6, 5, 10, 4, 9, 2, 1, 11, 18, 19]"
45,0,2,3,3,,"[39, 88, 29]",2107,79,0.00014662742614746094,8000,2000,"[2, 1, 19]"
46,0,2,15,15,,"[82, 13, 93, 86, 4, 64, 41, 39, 36, 58, 54, 14, 75, 51, 26]",7999,360,2.0000498294830322,8000,2000,"[18, 11, 16, 12, 15, 14, 6, 2, 4, 10, 7, 13, 8, 17, 19]"
47,0,2,7,7,,"[80, 3, 51, 11, 88, 68, 29]",3939,183,0.3038179874420166,8000,2000,"[18, 15, 17, 11, 1, 3, 19]"
48,0,2,10,10,,"[82, 67, 54, 39, 76, 3, 16, 91, 11, 29]",6757,227,2.0000483989715576,8000,2000,"[18, 14, 7, 2, 9, 15, 13, 16, 11, 19]"
49,0,2,14,14,,"[39, 55, 86, 4, 79, 32, 41, 64, 80, 68, 88, 11, 51, 29]",7921,327,2.000060558319092,8000,2000,"[2, 7, 12, 15, 9, 5, 6, 14, 18, 3, 1, 11, 17, 19]"
50,0,3,12,12,,"[46, 32, 78, 39, 54, 85, 75, 11, 80, 51, 3, 29]",6027,278,3.0000510215759277,8000,2000,"[6, 5, 9, 2, 7, 12, 8, 11, 18, 17, 15, 19]"
51,0,3,3,3,,"[11, 75, 29]",2077,79,0.000339508056640625,8000,2000,"[11, 8, 19]"
52,0,3,7,7,,"[42, 65, 80, 51, 11, 75, 29]",6086,187,0.8985185623168945,8000,2000,"[6, 14, 18, 17, 11, 8, 19]"
53,0,3,5,5,,"[11, 3, 51, 75, 29]",2885,141,0.0888071060180664,8000,2000,"[11, 15, 17, 8, 19]"
54,0,3,11,11,,"[13, 90, 71, 80, 3, 76, 32, 58, 75, 51, 26]",8000,280,3.0000503063201904,8000,2000,"[11, 1, 3, 18, 15, 9, 5, 10, 8, 17, 19]"
55,0,3,7,7,,"[88, 39, 36, 58, 54, 65, 29]",4335,191,0.19257664680480957,8000,2000,"[1, 2, 4, 10, 7, 14, 19]"
56,0,3,9,9,,"[46, 32, 36, 58, 54, 16, 91, 11, 29]",5182,229,3.000058174133301,8000,2000,"[6, 5, 4, 10, 7, 13, 16, 11, 19]"
57,0,3,10,10,,"[82, 13, 51, 75, 3, 16, 91, 65, 42, 29]",7942,274,3.0000433921813965,8000,2000,"[18, 11, 17, 8, 15, 13, 16, 14, 6, 19]"
58,0,3,4,4,,"[80, 65, 42, 29]",4946,92,0.08437252044677734,8000,2000,"[18, 14, 6, 19]"
59,0,3,8,8,,"[11, 3, 91, 16, 54, 85, 75, 29]",4579,224,2.110255718231201,8000,2000,"[11, 15, 16, 13, 7, 12, 8, 19]"
60,0,3,12,12,,"[39, 79, 32, 36, 58, 75, 51, 11, 80, 68, 88, 29]",6709,321,3.0001039505004883,8000,2000,"[2, 9, 5, 4, 10, 8, 17, 11, 18, 3, 1, 19]"
61,0,3,3,3,,"[80, 51, 29]",2607,55,0.000629425048828125,8000,2000,"[18, 17, 19]"
62,0,3,8,8,,"[88, 11, 3, 91, 65, 80, 51, 29]",4860,220,3.000053882598877,8000,2000,"[1, 11, 15, 16, 14, 18, 17, 19]"
63,0,3,2,2,,"[11, 29]",1502,46,0.00013256072998046875,8000,2000,"[11, 19]"
64,0,3,4,4,,"[42, 39, 88, 29]",3879,112,0.08309531211853027,8000,2000,"[6, 2, 1, 19]"
65,0,3,5,5,,"[11, 3, 85, 75, 29]",2972,145,0.013012886047363281,8000,2000,"[11, 15, 12, 8, 19]"
66,0,3,10,10,,"[90, 39, 78, 3, 51, 75, 11, 80, 65, 29]",6371,256,3.0000619888305664,8000,2000,"[1, 2, 9, 15, 17, 8, 11, 18, 14, 19]"
67,0,3,2,2,,"[42, 29]",3122,46,0.0002846717834472656,8000,2000,"[6, 19]"
68,0,3,13,13,,"[46, 67, 93, 85, 3, 14, 75, 11, 51, 80, 68, 88, 27]",7866,294,3.000058174133301,8000,2000,"[6, 14, 16, 12, 15, 13, 8, 11, 17, 18, 3, 1, 19]"
69,0,3,10,10,,"[46, 32, 58, 36, 76, 39, 88, 11, 80, 29]",6466,255,3.00004243850708,8000,2000,"[6, 5, 10, 4, 9, 2, 1, 11, 18, 19]"
70,0,3,3,3,,"[39, 88, 29]",2107,79,0.00010156631469726562,8000,2000,"[2, 1, 19]"
71,0,3,15,15,,"[82, 13, 93, 86, 3, 65, 41, 39, 36, 57, 54, 14, 75, 51, 26]",7947,384,3.0000462532043457,8000,2000,"[18, 11, 16, 12, 15, 14, 6, 2, 4, 10, 7, 13, 8, 17, 19]"
72,0,3,7,7,,"[80, 3, 51, 11, 88, 68, 29]",3939,183,0.29986143112182617,8000,2000,"[18, 15, 17, 11, 1, 3, 19]"
73,0,3,10,10,,"[82, 65, 55, 39, 76, 3, 16, 91, 11, 29]",6706,251,3.0000526905059814,8000,2000,"[18, 14, 7, 2, 9, 15, 13, 16, 11, 19]"
74,0,3,14,14,,"[39, 55, 86, 4, 79, 32, 41, 64, 80, 68, 88, 11, 51, 29]",7921,327,3.0000860691070557,8000,2000,"[2, 7, 12, 15, 9, 5, 6, 14, 18, 3, 1, 11, 17, 19]"
75,1,1,12,12,,"[46, 32, 79, 39, 55, 85, 75, 11, 82, 51, 3, 31]",6327,211,1.0000643730163574,36000,4000,"[6, 5, 9, 2, 7, 12, 8, 11, 18, 17, 15, 19]"
76,1,1,3,3,,"[11, 75, 31]",2154,62,0.0004830360412597656,36000,4000,"[11, 8, 19]"
77,1,1,7,7,,"[42, 65, 82, 51, 11, 75, 31]",5629,152,1.0000438690185547,36000,4000,"[6, 14, 18, 17, 11, 8, 19]"
78,1,1,5,5,,"[11, 3, 51, 75, 31]",2962,117,0.009872674942016602,36000,4000,"[11, 15, 17, 8, 19]"
79,1,1,11,11,,"[13, 90, 71, 82, 3, 76, 32, 59, 75, 51, 31]",9020,239,1.000046968460083,36000,4000,"[11, 1, 3, 18, 15, 9, 5, 10, 8, 17, 19]"
80,1,1,7,7,,"[89, 39, 36, 59, 54, 65, 31]",6854,153,0.5838022232055664,36000,4000,"[1, 2, 4, 10, 7, 14, 19]"
81,1,1,9,9,,"[46, 32, 36, 59, 54, 16, 91, 11, 31]",6103,180,1.0001099109649658,36000,4000,"[6, 5, 4, 10, 7, 13, 16, 11, 19]"
82,1,1,10,10,,"[82, 13, 51, 75, 3, 16, 91, 65, 42, 31]",8019,228,1.0000600814819336,36000,4000,"[18, 11, 17, 8, 15, 13, 16, 14, 6, 19]"
83,1,1,4,4,,"[82, 65, 42, 31]",4489,70,0.002164125442504883,36000,4000,"[18, 14, 6, 19]"
84,1,1,8,8,,"[13, 3, 91, 16, 54, 85, 75, 31]",5282,172,1.0000414848327637,36000,4000,"[11, 15, 16, 13, 7, 12, 8, 19]"
85,1,1,12,12,,"[39, 79, 32, 72, 59, 75, 51, 11, 82, 68, 89, 31]",8365,260,1.0000536441802979,36000,4000,"[2, 9, 5, 4, 10, 8, 17, 11, 18, 3, 1, 19]"
86,1,1,3,3,,"[82, 51, 31]",2150,44,0.00039505958557128906,36000,4000,"[18, 17, 19]"
87,1,1,8,8,,"[90, 11, 3, 91, 65, 82, 51, 31]",5096,180,1.0000479221343994,36000,4000,"[1, 11, 15, 16, 14, 18, 17, 19]"
88,1,1,2,2,,"[11, 31]",1579,35,8.0108642578125e-05,36000,4000,"[11, 19]"
89,1,1,4,4,,"[42, 39, 89, 31]",5554,91,0.0007727146148681641,36000,4000,"[6, 2, 1, 19]"
90,1,1,5,5,,"[11, 3, 85, 75, 31]",3049,116,0.007900238037109375,36000,4000,"[11, 15, 12, 8, 19]"
91,1,1,10,10,,"[90, 39, 79, 3, 51, 75, 11, 82, 65, 31]",6334,208,1.000056266784668,36000,4000,"[1, 2, 9, 15, 17, 8, 11, 18, 14, 19]"
92,1,1,2,2,,"[42, 31]",3199,35,0.00010704994201660156,36000,4000,"[6, 19]"
93,1,1,13,13,,"[46, 67, 93, 86, 4, 18, 75, 11, 51, 82, 68, 89, 31]",9478,219,1.0000598430633545,36000,4000,"[6, 14, 16, 12, 15, 13, 8, 11, 17, 18, 3, 1, 19]"
94,1,1,10,10,,"[46, 32, 59, 36, 76, 39, 89, 11, 82, 31]",8451,212,1.0002038478851318,36000,4000,"[6, 5, 10, 4, 9, 2, 1, 11, 18, 19]"
95,1,1,3,3,,"[39, 89, 31]",3782,64,0.00033402442932128906,36000,4000,"[2, 1, 19]"
96,1,1,15,15,,"[82, 13, 93, 86, 4, 67, 46, 39, 72, 59, 54, 16, 75, 51, 31]",10577,246,1.0000507831573486,36000,4000,"[18, 11, 16, 12, 15, 14, 6, 2, 4, 10, 7, 13, 8, 17, 19]"
97,1,1,7,7,,"[82, 3, 51, 11, 89, 68, 31]",5080,155,0.6982948780059814,36000,4000,"[18, 15, 17, 11, 1, 3, 19]"
98,1,1,10,10,,"[82, 67, 54, 39, 76, 3, 16, 91, 11, 31]",6834,196,1.0000526905059814,36000,4000,"[18, 14, 7, 2, 9, 15, 13, 16, 11, 19]"
99,1,1,14,14,,"[39, 55, 86, 4, 79, 32, 46, 65, 82, 68, 89, 11, 51, 31]",9625,244,1.0000600814819336,36000,4000,"[2, 7, 12, 15, 9, 5, 6, 14, 18, 3, 1, 11, 17, 19]"
100,1,2,12,12,,"[46, 32, 79, 39, 54, 85, 75, 11, 82, 51, 3, 31]",5990,216,2.0000529289245605,36000,4000,"[6, 5, 9, 2, 7, 12, 8, 11, 18, 17, 15, 19]"
101,1,2,3,3,,"[11, 75, 31]",2154,62,0.00024080276489257812,36000,4000,"[11, 8, 19]"
102,1,2,7,7,,"[42, 65, 82, 51, 11, 75, 31]",5629,152,1.1047019958496094,36000,4000,"[6, 14, 18, 17, 11, 8, 19]"
103,1,2,5,5,,"[11, 3, 51, 75, 31]",2962,117,0.00852656364440918,36000,4000,"[11, 15, 17, 8, 19]"
104,1,2,11,11,,"[13, 90, 71, 82, 3, 76, 32, 59, 75, 51, 31]",9020,239,2.000077486038208,36000,4000,"[11, 1, 3, 18, 15, 9, 5, 10, 8, 17, 19]"
105,1,2,7,7,,"[89, 39, 36, 59, 54, 65, 31]",6854,153,0.510716438293457,36000,4000,"[1, 2, 4, 10, 7, 14, 19]"
106,1,2,9,9,,"[46, 32, 36, 59, 54, 16, 91, 11, 31]",6103,180,2.0000431537628174,36000,4000,"[6, 5, 4, 10, 7, 13, 16, 11, 19]"
107,1,2,10,10,,"[82, 13, 51, 75, 3, 16, 91, 65, 42, 31]",8019,228,2.0000503063201904,36000,4000,"[18, 11, 17, 8, 15, 13, 16, 14, 6, 19]"
108,1,2,4,4,,"[82, 65, 42, 31]",4489,70,0.0030944347381591797,36000,4000,"[18, 14, 6, 19]"
109,1,2,8,8,,"[11, 3, 91, 16, 54, 85, 75, 31]",4656,177,2.0000433921813965,36000,4000,"[11, 15, 16, 13, 7, 12, 8, 19]"
110,1,2,12,12,,"[39, 79, 32, 72, 59, 75, 51, 11, 82, 68, 89, 31]",8365,260,2.000056028366089,36000,4000,"[2, 9, 5, 4, 10, 8, 17, 11, 18, 3, 1, 19]"
111,1,2,3,3,,"[82, 51, 31]",2150,44,0.00044465065002441406,36000,4000,"[18, 17, 19]"
112,1,2,8,8,,"[89, 11, 3, 91, 65, 82, 51, 31]",6001,181,2.0000579357147217,36000,4000,"[1, 11, 15, 16, 14, 18, 17, 19]"
113,1,2,2,2,,"[11, 31]",1579,35,0.0001704692840576172,36000,4000,"[11, 19]"
114,1,2,4,4,,"[42, 39, 89, 31]",5554,91,0.0007879734039306641,36000,4000,"[6, 2, 1, 19]"
115,1,2,5,5,,"[11, 3, 85, 75, 31]",3049,116,0.0074005126953125,36000,4000,"[11, 15, 12, 8, 19]"
116,1,2,10,10,,"[90, 39, 78, 3, 51, 75, 11, 82, 65, 31]",5914,213,2.0000455379486084,36000,4000,"[1, 2, 9, 15, 17, 8, 11, 18, 14, 19]"
117,1,2,2,2,,"[42, 31]",3199,35,0.00011038780212402344,36000,4000,"[6, 19]"
118,1,2,13,13,,"[46, 67, 93, 86, 4, 16, 75, 11, 51, 82, 68, 89, 31]",10286,224,2.000046968460083,36000,4000,"[6, 14, 16, 12, 15, 13, 8, 11, 17, 18, 3, 1, 19]"
119,1,2,10,10,,"[46, 32, 59, 36, 76, 39, 89, 11, 82, 31]",8451,212,2.0000641345977783,36000,4000,"[6, 5, 10, 4, 9, 2, 1, 11, 18, 19]"
120,1,2,3,3,,"[39, 89, 31]",3782,64,0.00029397010803222656,36000,4000,"[2, 1, 19]"
121,1,2,15,15,,"[82, 13, 93, 86, 4, 67, 46, 39, 36, 59, 54, 16, 75, 51, 31]",10906,251,2.000067949295044,36000,4000,"[18, 11, 16, 12, 15, 14, 6, 2, 4, 10, 7, 13, 8, 17, 19]"
122,1,2,7,7,,"[82, 3, 51, 11, 89, 68, 31]",5080,155,0.60465407371521,36000,4000,"[18, 15, 17, 11, 1, 3, 19]"
123,1,2,10,10,,"[82, 67, 54, 39, 76, 3, 16, 91, 11, 31]",6834,196,2.0000550746917725,36000,4000,"[18, 14, 7, 2, 9, 15, 13, 16, 11, 19]"
124,1,2,14,14,,"[39, 55, 86, 4, 79, 32, 46, 65, 82, 68, 89, 11, 51, 31]",9625,244,2.000068187713623,36000,4000,"[2, 7, 12, 15, 9, 5, 6, 14, 18, 3, 1, 11, 17, 19]"
125,1,3,12,12,,"[46, 32, 79, 39, 54, 85, 75, 11, 82, 51, 3, 31]",5990,216,3.000063896179199,36000,4000,"[6, 5, 9, 2, 7, 12, 8, 11, 18, 17, 15, 19]"
126,1,3,3,3,,"[11, 75, 31]",2154,62,0.0002269744873046875,36000,4000,"[11, 8, 19]"
127,1,3,7,7,,"[42, 65, 82, 51, 11, 75, 31]",5629,152,1.2985334396362305,36000,4000,"[6, 14, 18, 17, 11, 8, 19]"
128,1,3,5,5,,"[11, 3, 51, 75, 31]",2962,117,0.009884119033813477,36000,4000,"[11, 15, 17, 8, 19]"
129,1,3,11,11,,"[13, 90, 71, 82, 3, 76, 32, 59, 75, 51, 31]",9020,239,3.0000438690185547,36000,4000,"[11, 1, 3, 18, 15, 9, 5, 10, 8, 17, 19]"
130,1,3,7,7,,"[89, 39, 36, 59, 54, 65, 31]",6854,153,0.4966921806335449,36000,4000,"[1, 2, 4, 10, 7, 14, 19]"
131,1,3,9,9,,"[46, 32, 36, 59, 54, 16, 91, 11, 31]",6103,180,3.000169515609741,36000,4000,"[6, 5, 4, 10, 7, 13, 16, 11, 19]"
132,1,3,10,10,,"[82, 13, 51, 75, 3, 16, 91, 65, 42, 31]",8019,228,3.000053644180298,36000,4000,"[18, 11, 17, 8, 15, 13, 16, 14, 6, 19]"
133,1,3,4,4,,"[82, 65, 42, 31]",4489,70,0.003087759017944336,36000,4000,"[18, 14, 6, 19]"
134,1,3,8,8,,"[11, 3, 91, 16, 54, 85, 75, 31]",4656,177,2.796008825302124,36000,4000,"[11, 15, 16, 13, 7, 12, 8, 19]"
135,1,3,12,12,,"[39, 79, 32, 72, 59, 75, 51, 11, 82, 68, 89, 31]",8365,260,3.000051975250244,36000,4000,"[2, 9, 5, 4, 10, 8, 17, 11, 18, 3, 1, 19]"
136,1,3,3,3,,"[82, 51, 31]",2150,44,0.0002810955047607422,36000,4000,"[18, 17, 19]"
137,1,3,8,8,,"[89, 11, 3, 91, 65, 82, 51, 31]",6001,181,3.0000603199005127,36000,4000,"[1, 11, 15, 16, 14, 18, 17, 19]"
138,1,3,2,2,,"[11, 31]",1579,35,0.00015735626220703125,36000,4000,"[11, 19]"
139,1,3,4,4,,"[42, 39, 89, 31]",5554,91,0.0007898807525634766,36000,4000,"[6, 2, 1, 19]"
140,1,3,5,5,,"[11, 3, 85, 75, 31]",3049,116,0.005538463592529297,36000,4000,"[11, 15, 12, 8, 19]"
141,1,3,10,10,,"[90, 39, 77, 3, 51, 75, 11, 82, 65, 31]",5974,229,3.000096559524536,36000,4000,"[1, 2, 9, 15, 17, 8, 11, 18, 14, 19]"
142,1,3,2,2,,"[42, 31]",3199,35,0.00010633468627929688,36000,4000,"[6, 19]"
143,1,3,13,13,,"[46, 67, 93, 86, 4, 16, 75, 11, 51, 82, 68, 89, 31]",10286,224,3.0000622272491455,36000,4000,"[6, 14, 16, 12, 15, 13, 8, 11, 17, 18, 3, 1, 19]"
144,1,3,10,10,,"[46, 32, 59, 36, 76, 39, 89, 11, 82, 31]",8451,212,3.0001039505004883,36000,4000,"[6, 5, 10, 4, 9, 2, 1, 11, 18, 19]"
145,1,3,3,3,,"[39, 89, 31]",3782,64,0.0001881122589111328,36000,4000,"[2, 1, 19]"
146,1,3,15,15,,"[82, 13, 93, 86, 4, 67, 46, 39, 36, 59, 54, 16, 75, 51, 31]",10906,251,3.000060796737671,36000,4000,"[18, 11, 16, 12, 15, 14, 6, 2, 4, 10, 7, 13, 8, 17, 19]"
147,1,3,7,7,,"[82, 3, 51, 11, 89, 68, 31]",5080,155,0.6012229919433594,36000,4000,"[18, 15, 17, 11, 1, 3, 19]"
148,1,3,10,10,,"[82, 67, 54, 39, 76, 3, 16, 91, 11, 31]",6834,196,3.0000452995300293,36000,4000,"[18, 14, 7, 2, 9, 15, 13, 16, 11, 19]"
149,1,3,14,14,,"[39, 55, 86, 4, 79, 32, 46, 65, 82, 68, 89, 11, 51, 31]",9625,244,3.0000722408294678,36000,4000,"[2, 7, 12, 15, 9, 5, 6, 14, 18, 3, 1, 11, 17, 19]"
150,2,1,12,12,,"[46, 32, 79, 39, 54, 85, 75, 11, 82, 49, 4, 26]",5877,225,1.000046730041504,6000,6000,"[6, 5, 9, 2, 7, 12, 8, 11, 18, 17, 15, 19]"
151,2,1,3,3,,"[11, 75, 31]",2154,42,0.00023126602172851562,6000,6000,"[11, 8, 19]"
152,2,1,7,7,,"[46, 67, 82, 49, 11, 75, 31]",4737,147,0.7123353481292725,6000,6000,"[6, 14, 18, 17, 11, 8, 19]"
153,2,1,5,5,,"[11, 4, 49, 75, 31]",3559,98,0.009165048599243164,6000,6000,"[11, 15, 17, 8, 19]"
154,2,1,11,11,,"[13, 88, 71, 82, 4, 78, 7, 57, 75, 49, 26]",5884,209,1.0000488758087158,6000,6000,"[11, 1, 3, 18, 15, 9, 5, 10, 8, 17, 19]"
155,2,1,7,7,,"[88, 38, 33, 58, 54, 67, 26]",5880,145,0.2879800796508789,6000,6000,"[1, 2, 4, 10, 7, 14, 19]"
156,2,1,9,9,,"[46, 9, 33, 58, 54, 15, 93, 11, 31]",5880,197,1.0000510215759277,6000,6000,"[6, 5, 4, 10, 7, 13, 16, 11, 19]"
157,2,1,10,10,,"[82, 13, 49, 75, 4, 15, 93, 64, 46, 26]",5943,207,1.0000495910644531,6000,6000,"[18, 11, 17, 8, 15, 13, 16, 14, 6, 19]"
158,2,1,4,4,,"[82, 67, 46, 31]",3505,105,0.002181529998779297,6000,6000,"[18, 14, 6, 19]"
159,2,1,8,8,,"[13, 4, 93, 15, 54, 85, 75, 31]",5919,156,1.000051498413086,6000,6000,"[11, 15, 16, 13, 7, 12, 8, 19]"
160,2,1,12,12,,"[39, 79, 9, 33, 57, 75, 49, 11, 82, 70, 88, 26]",5963,223,1.0000860691070557,6000,6000,"[2, 9, 5, 4, 10, 8, 17, 11, 18, 3, 1, 19]"
161,2,1,3,3,,"[82, 49, 31]",2242,84,0.0002865791320800781,6000,6000,"[18, 17, 19]"
162,2,1,8,8,,"[90, 11, 4, 93, 67, 82, 49, 26]",5855,181,1.000058889389038,6000,6000,"[1, 11, 15, 16, 14, 18, 17, 19]"
163,2,1,2,2,,"[11, 31]",1579,35,8.153915405273438e-05,6000,6000,"[11, 19]"
164,2,1,4,4,,"[46, 38, 90, 31]",4767,87,0.0015099048614501953,6000,6000,"[6, 2, 1, 19]"
165,2,1,5,5,,"[11, 4, 85, 75, 31]",3554,77,0.09470796585083008,6000,6000,"[11, 15, 12, 8, 19]"
166,2,1,10,10,,"[88, 39, 79, 4, 49, 75, 11, 82, 67, 26]",5916,194,1.0000560283660889,6000,6000,"[1, 2, 9, 15, 17, 8, 11, 18, 14, 19]"
167,2,1,2,2,,"[46, 31]",1827,51,0.00012445449829101562,6000,6000,"[6, 19]"
168,2,1,13,13,,"[46, 66, 93, 83, 3, 18, 75, 11, 49, 82, 68, 88, 26]",5958,187,1.0000600814819336,6000,6000,"[6, 14, 16, 12, 15, 13, 8, 11, 17, 18, 3, 1, 19]"
169,2,1,10,10,,"[46, 9, 57, 33, 78, 38, 88, 11, 82, 26]",5930,200,1.000051736831665,6000,6000,"[6, 5, 10, 4, 9, 2, 1, 11, 18, 19]"
170,2,1,3,3,,"[38, 90, 31]",4367,64,0.00016069412231445312,6000,6000,"[2, 1, 19]"
171,2,1,15,0,,None,0,0,1.0000543594360352,6000,6000,"[18, 11, 16, 12, 15, 14, 6, 2, 4, 10, 7, 13, 8, 17, 19]"
172,2,1,7,7,,"[82, 4, 49, 11, 90, 71, 31]",5156,154,0.5875747203826904,6000,6000,"[18, 15, 17, 11, 1, 3, 19]"
173,2,1,10,10,,"[82, 67, 54, 39, 78, 4, 15, 93, 11, 27]",5949,230,1.0002002716064453,6000,6000,"[18, 14, 7, 2, 9, 15, 13, 16, 11, 19]"
174,2,1,14,14,,"[39, 55, 86, 3, 78, 7, 46, 64, 82, 70, 88, 11, 49, 27]",5999,241,1.0001099109649658,6000,6000,"[2, 7, 12, 15, 9, 5, 6, 14, 18, 3, 1, 11, 17, 19]"
175,2,2,12,12,,"[46, 9, 79, 39, 54, 83, 75, 11, 82, 49, 4, 26]",5797,244,2.0788414478302,6000,6000,"[6, 5, 9, 2, 7, 12, 8, 11, 18, 17, 15, 19]"
176,2,2,3,3,,"[11, 75, 31]",2154,42,0.0005421638488769531,6000,6000,"[11, 8, 19]"
177,2,2,7,7,,"[46, 67, 82, 49, 11, 75, 31]",4737,147,0.8069171905517578,6000,6000,"[6, 14, 18, 17, 11, 8, 19]"
178,2,2,5,5,,"[11, 4, 49, 75, 31]",3559,98,0.011795997619628906,6000,6000,"[11, 15, 17, 8, 19]"
179,2,2,11,11,,"[13, 88, 70, 82, 4, 78, 9, 57, 75, 49, 26]",5937,212,2.0001060962677,6000,6000,"[11, 1, 3, 18, 15, 9, 5, 10, 8, 17, 19]"
180,2,2,7,7,,"[88, 38, 33, 58, 54, 67, 26]",5880,145,0.20220136642456055,6000,6000,"[1, 2, 4, 10, 7, 14, 19]"
181,2,2,9,9,,"[46, 9, 33, 58, 54, 15, 93, 11, 31]",5880,197,2.0000698566436768,6000,6000,"[6, 5, 4, 10, 7, 13, 16, 11, 19]"
182,2,2,10,10,,"[82, 13, 49, 75, 4, 15, 93, 64, 46, 26]",5943,207,2.0000405311584473,6000,6000,"[18, 11, 17, 8, 15, 13, 16, 14, 6, 19]"
183,2,2,4,4,,"[82, 67, 46, 31]",3505,105,0.002185344696044922,6000,6000,"[18, 14, 6, 19]"
184,2,2,8,8,,"[11, 4, 93, 15, 54, 85, 75, 31]",5293,160,1.4193546772003174,6000,6000,"[11, 15, 16, 13, 7, 12, 8, 19]"
185,2,2,12,12,,"[39, 79, 9, 33, 57, 75, 49, 11, 82, 70, 88, 26]",5963,223,2.000047206878662,6000,6000,"[2, 9, 5, 4, 10, 8, 17, 11, 18, 3, 1, 19]"
186,2,2,3,3,,"[82, 49, 31]",2242,84,0.0003902912139892578,6000,6000,"[18, 17, 19]"
187,2,2,8,8,,"[90, 11, 4, 93, 67, 82, 49, 26]",5855,181,1.3075711727142334,6000,6000,"[1, 11, 15, 16, 14, 18, 17, 19]"
188,2,2,2,2,,"[11, 31]",1579,35,8.082389831542969e-05,6000,6000,"[11, 19]"
189,2,2,4,4,,"[46, 38, 90, 31]",4767,87,0.0012896060943603516,6000,6000,"[6, 2, 1, 19]"
190,2,2,5,5,,"[11, 4, 85, 75, 31]",3554,77,0.007348537445068359,6000,6000,"[11, 15, 12, 8, 19]"
191,2,2,10,10,,"[88, 39, 79, 4, 49, 75, 11, 82, 67, 26]",5916,194,2.000044584274292,6000,6000,"[1, 2, 9, 15, 17, 8, 11, 18, 14, 19]"
192,2,2,2,2,,"[46, 31]",1827,51,0.00016450881958007812,6000,6000,"[6, 19]"
193,2,2,13,13,,"[46, 66, 93, 83, 0, 18, 75, 11, 49, 82, 70, 88, 26]",5983,206,2.0000855922698975,6000,6000,"[6, 14, 16, 12, 15, 13, 8, 11, 17, 18, 3, 1, 19]"
194,2,2,10,10,,"[46, 9, 57, 33, 78, 38, 88, 11, 82, 26]",5930,200,2.0000498294830322,6000,6000,"[6, 5, 10, 4, 9, 2, 1, 11, 18, 19]"
195,2,2,3,3,,"[38, 90, 31]",4367,64,0.0001633167266845703,6000,6000,"[2, 1, 19]"
196,2,2,15,15,,"[82, 13, 93, 83, 0, 64, 46, 39, 72, 57, 54, 18, 75, 51, 26]",5970,193,2.0000505447387695,6000,6000,"[18, 11, 16, 12, 15, 14, 6, 2, 4, 10, 7, 13, 8, 17, 19]"
197,2,2,7,7,,"[82, 4, 49, 11, 90, 71, 31]",5156,154,0.3127460479736328,6000,6000,"[18, 15, 17, 11, 1, 3, 19]"
198,2,2,10,10,,"[82, 67, 54, 39, 78, 4, 15, 93, 11, 27]",5949,230,2.0000405311584473,6000,6000,"[18, 14, 7, 2, 9, 15, 13, 16, 11, 19]"
199,2,2,14,14,,"[39, 55, 86, 3, 78, 7, 46, 64, 82, 70, 88, 11, 49, 27]",5999,241,2.0000555515289307,6000,6000,"[2, 7, 12, 15, 9, 5, 6, 14, 18, 3, 1, 11, 17, 19]"
200,2,3,12,12,,"[46, 9, 79, 39, 54, 83, 75, 11, 82, 49, 4, 26]",5797,244,3.000054121017456,6000,6000,"[6, 5, 9, 2, 7, 12, 8, 11, 18, 17, 15, 19]"
201,2,3,3,3,,"[11, 75, 31]",2154,42,0.0003235340118408203,6000,6000,"[11, 8, 19]"
202,2,3,7,7,,"[46, 67, 82, 49, 11, 75, 31]",4737,147,0.5894491672515869,6000,6000,"[6, 14, 18, 17, 11, 8, 19]"
203,2,3,5,5,,"[11, 4, 49, 75, 31]",3559,98,0.008301258087158203,6000,6000,"[11, 15, 17, 8, 19]"
204,2,3,11,11,,"[13, 88, 70, 82, 4, 78, 9, 57, 75, 49, 26]",5937,212,3.0001258850097656,6000,6000,"[11, 1, 3, 18, 15, 9, 5, 10, 8, 17, 19]"
205,2,3,7,7,,"[88, 38, 33, 58, 54, 67, 26]",5880,145,0.1935422420501709,6000,6000,"[1, 2, 4, 10, 7, 14, 19]"
206,2,3,9,9,,"[46, 5, 33, 57, 54, 15, 93, 11, 31]",5733,198,3.000056505203247,6000,6000,"[6, 5, 4, 10, 7, 13, 16, 11, 19]"
207,2,3,10,10,,"[82, 13, 49, 75, 4, 15, 93, 64, 46, 26]",5943,207,3.0000641345977783,6000,6000,"[18, 11, 17, 8, 15, 13, 16, 14, 6, 19]"
208,2,3,4,4,,"[82, 67, 46, 31]",3505,105,0.002553224563598633,6000,6000,"[18, 14, 6, 19]"
209,2,3,8,8,,"[11, 4, 93, 15, 54, 85, 75, 31]",5293,160,1.511758804321289,6000,6000,"[11, 15, 16, 13, 7, 12, 8, 19]"
210,2,3,12,12,,"[39, 79, 9, 33, 57, 75, 49, 11, 82, 70, 88, 26]",5963,223,3.0000314712524414,6000,6000,"[2, 9, 5, 4, 10, 8, 17, 11, 18, 3, 1, 19]"
211,2,3,3,3,,"[82, 49, 31]",2242,84,0.00030994415283203125,6000,6000,"[18, 17, 19]"
212,2,3,8,8,,"[90, 11, 4, 93, 67, 82, 49, 26]",5855,181,1.0007779598236084,6000,6000,"[1, 11, 15, 16, 14, 18, 17, 19]"
213,2,3,2,2,,"[11, 31]",1579,35,0.00010919570922851562,6000,6000,"[11, 19]"
214,2,3,4,4,,"[46, 38, 90, 31]",4767,87,0.0011820793151855469,6000,6000,"[6, 2, 1, 19]"
215,2,3,5,5,,"[11, 4, 85, 75, 31]",3554,77,0.08980059623718262,6000,6000,"[11, 15, 12, 8, 19]"
216,2,3,10,10,,"[88, 39, 79, 4, 49, 75, 11, 82, 67, 26]",5916,194,2.0134918689727783,6000,6000,"[1, 2, 9, 15, 17, 8, 11, 18, 14, 19]"
217,2,3,2,2,,"[46, 31]",1827,51,0.00011777877807617188,6000,6000,"[6, 19]"
218,2,3,13,13,,"[46, 66, 93, 83, 0, 18, 75, 11, 49, 82, 70, 88, 26]",5983,206,3.0000557899475098,6000,6000,"[6, 14, 16, 12, 15, 13, 8, 11, 17, 18, 3, 1, 19]"
219,2,3,10,10,,"[46, 9, 57, 33, 78, 38, 88, 11, 82, 26]",5930,200,3.0000500679016113,6000,6000,"[6, 5, 10, 4, 9, 2, 1, 11, 18, 19]"
220,2,3,3,3,,"[38, 90, 31]",4367,64,0.0001621246337890625,6000,6000,"[2, 1, 19]"
221,2,3,15,15,,"[82, 13, 92, 83, 3, 64, 46, 39, 72, 57, 54, 18, 75, 49, 26]",5904,207,3.0000553131103516,6000,6000,"[18, 11, 16, 12, 15, 14, 6, 2, 4, 10, 7, 13, 8, 17, 19]"
222,2,3,7,7,,"[82, 4, 49, 11, 90, 71, 31]",5156,154,0.3978695869445801,6000,6000,"[18, 15, 17, 11, 1, 3, 19]"
223,2,3,10,10,,"[82, 67, 54, 39, 78, 4, 15, 93, 11, 27]",5949,230,3.00003981590271,6000,6000,"[18, 14, 7, 2, 9, 15, 13, 16, 11, 19]"
224,2,3,14,14,,"[39, 55, 86, 3, 78, 7, 46, 64, 82, 70, 88, 11, 49, 27]",5999,241,3.000051259994507,6000,6000,"[2, 7, 12, 15, 9, 5, 6, 14, 18, 3, 1, 11, 17, 19]"
225,3,1,12,12,,"[46, 32, 79, 39, 55, 85, 75, 11, 80, 48, 4, 29]",7626,217,1.000072956085205,48000,24000,"[6, 5, 9, 2, 7, 12, 8, 11, 18, 17, 15, 19]"
226,3,1,3,3,,"[11, 75, 29]",2077,41,0.0006270408630371094,48000,24000,"[11, 8, 19]"
227,3,1,7,7,,"[46, 67, 80, 48, 11, 75, 29]",5439,146,1.0000519752502441,48000,24000,"[6, 14, 18, 17, 11, 8, 19]"
228,3,1,5,5,,"[11, 4, 48, 75, 29]",3727,90,0.017477989196777344,48000,24000,"[11, 15, 17, 8, 19]"
229,3,1,11,11,,"[13, 90, 71, 82, 4, 79, 5, 58, 75, 48, 29]",8595,202,1.0787665843963623,48000,24000,"[11, 1, 3, 18, 15, 9, 5, 10, 8, 17, 19]"
230,3,1,7,7,,"[90, 37, 33, 58, 54, 67, 29]",10661,138,1.0000581741333008,48000,24000,"[1, 2, 4, 10, 7, 14, 19]"
231,3,1,9,9,,"[46, 32, 34, 60, 55, 15, 93, 11, 29]",18241,174,1.0000553131103516,48000,24000,"[6, 5, 4, 10, 7, 13, 16, 11, 19]"
232,3,1,10,10,,"[82, 13, 51, 75, 4, 15, 93, 67, 46, 29]",7595,192,1.0000452995300293,48000,24000,"[18, 11, 17, 8, 15, 13, 16, 14, 6, 19]"
233,3,1,4,4,,"[80, 67, 46, 29]",3962,105,0.002474546432495117,48000,24000,"[18, 14, 6, 19]"
234,3,1,8,8,,"[13, 4, 93, 15, 54, 85, 75, 29]",5842,151,1.0000548362731934,48000,24000,"[11, 15, 16, 13, 7, 12, 8, 19]"
235,3,1,12,12,,"[39, 79, 32, 72, 60, 75, 48, 11, 80, 71, 87, 29]",12236,201,1.0001068115234375,48000,24000,"[2, 9, 5, 4, 10, 8, 17, 11, 18, 3, 1, 19]"
236,3,1,3,3,,"[80, 48, 29]",2944,81,0.0002803802490234375,48000,24000,"[18, 17, 19]"
237,3,1,8,8,,"[90, 11, 4, 93, 67, 80, 48, 29]",7267,167,1.0000331401824951,48000,24000,"[1, 11, 15, 16, 14, 18, 17, 19]"
238,3,1,2,2,,"[11, 29]",1502,34,8.0108642578125e-05,48000,24000,"[11, 19]"
239,3,1,4,4,,"[46, 37, 87, 29]",11917,102,0.08486604690551758,48000,24000,"[6, 2, 1, 19]"
240,3,1,5,5,,"[11, 4, 85, 75, 29]",3477,70,0.009552717208862305,48000,24000,"[11, 15, 12, 8, 19]"
241,3,1,10,10,,"[90, 39, 79, 4, 48, 75, 11, 80, 67, 29]",8021,181,1.0000545978546143,48000,24000,"[1, 2, 9, 15, 17, 8, 11, 18, 14, 19]"
242,3,1,2,2,,"[46, 29]",1750,52,0.00020503997802734375,48000,24000,"[6, 19]"
243,3,1,13,13,,"[46, 67, 93, 86, 4, 18, 75, 11, 48, 80, 71, 87, 29]",13523,260,1.0000555515289307,48000,24000,"[6, 14, 16, 12, 15, 13, 8, 11, 17, 18, 3, 1, 19]"
244,3,1,10,10,,"[46, 32, 60, 33, 79, 37, 87, 11, 80, 29]",16188,202,1.0000994205474854,48000,24000,"[6, 5, 10, 4, 9, 2, 1, 11, 18, 19]"
245,3,1,3,3,,"[37, 87, 29]",11517,77,0.0006067752838134766,48000,24000,"[2, 1, 19]"
246,3,1,15,15,,"[82, 13, 93, 86, 4, 67, 46, 39, 36, 58, 54, 15, 75, 48, 29]",9970,270,1.0001304149627686,48000,24000,"[18, 11, 16, 12, 15, 14, 6, 2, 4, 10, 7, 13, 8, 17, 19]"
247,3,1,7,7,,"[80, 4, 48, 11, 87, 71, 29]",9630,163,0.8021068572998047,48000,24000,"[18, 15, 17, 11, 1, 3, 19]"
248,3,1,10,10,,"[82, 67, 55, 37, 79, 4, 15, 93, 11, 29]",12018,238,1.0000429153442383,48000,24000,"[18, 14, 7, 2, 9, 15, 13, 16, 11, 19]"
249,3,1,14,14,,"[39, 55, 86, 4, 79, 32, 46, 67, 80, 71, 87, 11, 48, 29]",14058,287,1.0000574588775635,48000,24000,"[2, 7, 12, 15, 9, 5, 6, 14, 18, 3, 1, 11, 17, 19]"
250,3,2,12,12,,"[46, 32, 79, 39, 54, 85, 75, 11, 80, 48, 4, 29]",7289,219,2.000053644180298,48000,24000,"[6, 5, 9, 2, 7, 12, 8, 11, 18, 17, 15, 19]"
251,3,2,3,3,,"[11, 75, 29]",2077,41,0.0002503395080566406,48000,24000,"[11, 8, 19]"
252,3,2,7,7,,"[46, 67, 80, 48, 11, 75, 29]",5439,146,1.4013514518737793,48000,24000,"[6, 14, 18, 17, 11, 8, 19]"
253,3,2,5,5,,"[11, 4, 48, 75, 29]",3727,90,0.0899507999420166,48000,24000,"[11, 15, 17, 8, 19]"
254,3,2,11,11,,"[13, 90, 71, 82, 4, 79, 5, 58, 75, 48, 29]",8595,202,2.0000436305999756,48000,24000,"[11, 1, 3, 18, 15, 9, 5, 10, 8, 17, 19]"
255,3,2,7,7,,"[87, 37, 33, 58, 54, 67, 29]",14433,162,1.7142038345336914,48000,24000,"[1, 2, 4, 10, 7, 14, 19]"
256,3,2,9,9,,"[46, 9, 36, 58, 54, 15, 93, 11, 29]",5503,182,2.000047445297241,48000,24000,"[6, 5, 4, 10, 7, 13, 16, 11, 19]"
257,3,2,10,10,,"[82, 13, 51, 75, 4, 15, 93, 67, 46, 29]",7595,192,2.0000662803649902,48000,24000,"[18, 11, 17, 8, 15, 13, 16, 14, 6, 19]"
258,3,2,4,4,,"[80, 67, 46, 29]",3962,105,0.0035104751586914062,48000,24000,"[18, 14, 6, 19]"
259,3,2,8,8,,"[11, 4, 93, 15, 54, 85, 75, 29]",5216,153,2.0000457763671875,48000,24000,"[11, 15, 16, 13, 7, 12, 8, 19]"
260,3,2,12,12,,"[39, 79, 32, 72, 58, 75, 48, 11, 80, 71, 87, 29]",11566,203,2.000098705291748,48000,24000,"[2, 9, 5, 4, 10, 8, 17, 11, 18, 3, 1, 19]"
261,3,2,3,3,,"[80, 48, 29]",2944,81,0.0004215240478515625,48000,24000,"[18, 17, 19]"
262,3,2,8,8,,"[89, 11, 4, 93, 67, 80, 48, 29]",8172,171,2.0000576972961426,48000,24000,"[1, 11, 15, 16, 14, 18, 17, 19]"
263,3,2,2,2,,"[11, 29]",1502,34,0.00014591217041015625,48000,24000,"[11, 19]"
264,3,2,4,4,,"[46, 37, 87, 29]",11917,102,0.0021903514862060547,48000,24000,"[6, 2, 1, 19]"
265,3,2,5,5,,"[11, 4, 85, 75, 29]",3477,70,0.010652780532836914,48000,24000,"[11, 15, 12, 8, 19]"
266,3,2,10,10,,"[90, 39, 79, 4, 48, 75, 11, 80, 67, 29]",8021,181,2.00009822845459,48000,24000,"[1, 2, 9, 15, 17, 8, 11, 18, 14, 19]"
267,3,2,2,2,,"[46, 29]",1750,52,0.00020265579223632812,48000,24000,"[6, 19]"
268,3,2,13,13,,"[46, 67, 93, 86, 4, 16, 75, 11, 48, 80, 71, 87, 29]",14331,262,2.000100612640381,48000,24000,"[6, 14, 16, 12, 15, 13, 8, 11, 17, 18, 3, 1, 19]"
269,3,2,10,10,,"[46, 32, 60, 33, 79, 37, 87, 11, 80, 29]",16188,202,2.000049352645874,48000,24000,"[6, 5, 10, 4, 9, 2, 1, 11, 18, 19]"
270,3,2,3,3,,"[37, 87, 29]",11517,77,0.0002884864807128906,48000,24000,"[2, 1, 19]"
271,3,2,15,15,,"[82, 13, 93, 86, 4, 67, 46, 39, 33, 58, 54, 15, 75, 48, 29]",10270,288,2.0000507831573486,48000,24000,"[18, 11, 16, 12, 15, 14, 6, 2, 4, 10, 7, 13, 8, 17, 19]"
272,3,2,7,7,,"[80, 4, 48, 11, 87, 71, 29]",9630,163,0.8137650489807129,48000,24000,"[18, 15, 17, 11, 1, 3, 19]"
273,3,2,10,10,,"[82, 67, 54, 37, 79, 4, 15, 93, 11, 29]",11681,240,2.0000507831573486,48000,24000,"[18, 14, 7, 2, 9, 15, 13, 16, 11, 19]"
274,3,2,14,14,,"[39, 55, 86, 4, 79, 32, 46, 67, 80, 71, 87, 11, 48, 29]",14058,287,2.0000576972961426,48000,24000,"[2, 7, 12, 15, 9, 5, 6, 14, 18, 3, 1, 11, 17, 19]"
275,3,3,12,12,,"[46, 32, 79, 39, 54, 85, 75, 11, 80, 48, 4, 29]",7289,219,3.000051498413086,48000,24000,"[6, 5, 9, 2, 7, 12, 8, 11, 18, 17, 15, 19]"
276,3,3,3,3,,"[11, 75, 29]",2077,41,0.00022912025451660156,48000,24000,"[11, 8, 19]"
277,3,3,7,7,,"[46, 67, 80, 48, 11, 75, 29]",5439,146,1.4893145561218262,48000,24000,"[6, 14, 18, 17, 11, 8, 19]"
278,3,3,5,5,,"[11, 4, 48, 75, 29]",3727,90,0.0068051815032958984,48000,24000,"[11, 15, 17, 8, 19]"
279,3,3,11,11,,"[13, 90, 71, 82, 4, 79, 5, 58, 75, 48, 29]",8595,202,3.0796725749969482,48000,24000,"[11, 1, 3, 18, 15, 9, 5, 10, 8, 17, 19]"
280,3,3,7,7,,"[87, 37, 33, 58, 54, 67, 29]",14433,162,1.6132395267486572,48000,24000,"[1, 2, 4, 10, 7, 14, 19]"
281,3,3,9,9,,"[46, 9, 33, 58, 54, 15, 93, 11, 29]",5803,200,3.000844955444336,48000,24000,"[6, 5, 4, 10, 7, 13, 16, 11, 19]"
282,3,3,10,10,,"[82, 13, 51, 75, 4, 15, 93, 67, 46, 29]",7595,192,3.0000572204589844,48000,24000,"[18, 11, 17, 8, 15, 13, 16, 14, 6, 19]"
283,3,3,4,4,,"[80, 67, 46, 29]",3962,105,0.0033829212188720703,48000,24000,"[18, 14, 6, 19]"
284,3,3,8,8,,"[11, 4, 93, 15, 54, 85, 75, 29]",5216,153,2.9996726512908936,48000,24000,"[11, 15, 16, 13, 7, 12, 8, 19]"
285,3,3,12,12,,"[39, 79, 32, 72, 58, 75, 48, 11, 80, 71, 87, 29]",11566,203,3.0000557899475098,48000,24000,"[2, 9, 5, 4, 10, 8, 17, 11, 18, 3, 1, 19]"
286,3,3,3,3,,"[80, 48, 29]",2944,81,0.00040721893310546875,48000,24000,"[18, 17, 19]"
287,3,3,8,8,,"[87, 13, 4, 93, 67, 80, 48, 29]",11665,189,3.000110626220703,48000,24000,"[1, 11, 15, 16, 14, 18, 17, 19]"
288,3,3,2,2,,"[11, 29]",1502,34,8.0108642578125e-05,48000,24000,"[11, 19]"
289,3,3,4,4,,"[46, 37, 87, 29]",11917,102,0.0026547908782958984,48000,24000,"[6, 2, 1, 19]"
290,3,3,5,5,,"[11, 4, 85, 75, 29]",3477,70,0.007677555084228516,48000,24000,"[11, 15, 12, 8, 19]"
291,3,3,10,10,,"[90, 39, 79, 4, 48, 75, 11, 80, 67, 29]",8021,181,3.000115156173706,48000,24000,"[1, 2, 9, 15, 17, 8, 11, 18, 14, 19]"
292,3,3,2,2,,"[46, 29]",1750,52,0.0002079010009765625,48000,24000,"[6, 19]"
293,3,3,13,13,,"[46, 67, 93, 86, 4, 15, 75, 11, 48, 80, 71, 87, 29]",13979,282,3.000066041946411,48000,24000,"[6, 14, 16, 12, 15, 13, 8, 11, 17, 18, 3, 1, 19]"
294,3,3,10,10,,"[46, 32, 58, 33, 79, 37, 87, 11, 80, 29]",15518,204,3.0001003742218018,48000,24000,"[6, 5, 10, 4, 9, 2, 1, 11, 18, 19]"
295,3,3,3,3,,"[37, 87, 29]",11517,77,0.0003833770751953125,48000,24000,"[2, 1, 19]"
296,3,3,15,15,,"[82, 13, 93, 86, 4, 67, 46, 39, 33, 58, 54, 15, 75, 48, 29]",10270,288,3.0000712871551514,48000,24000,"[18, 11, 16, 12, 15, 14, 6, 2, 4, 10, 7, 13, 8, 17, 19]"
297,3,3,7,7,,"[80, 4, 48, 11, 87, 71, 29]",9630,163,0.7987732887268066,48000,24000,"[18, 15, 17, 11, 1, 3, 19]"
298,3,3,10,10,,"[82, 67, 54, 37, 79, 4, 15, 93, 11, 29]",11681,240,3.0000932216644287,48000,24000,"[18, 14, 7, 2, 9, 15, 13, 16, 11, 19]"
299,3,3,14,14,,"[39, 55, 86, 4, 79, 32, 46, 67, 80, 71, 87, 11, 48, 29]",14058,287,3.0000507831573486,48000,24000,"[2, 7, 12, 15, 9, 5, 6, 14, 18, 3, 1, 11, 17, 19]"
300,4,1,12,12,,"[46, 32, 79, 39, 55, 85, 75, 11, 80, 48, 3, 29]",7121,82,1.0000557899475098,40000,6000,"[6, 5, 9, 2, 7, 12, 8, 11, 18, 17, 15, 19]"
301,4,1,3,3,,"[11, 75, 29]",2077,21,0.0003445148468017578,40000,6000,"[11, 8, 19]"
302,4,1,7,7,,"[45, 66, 80, 48, 11, 75, 29]",8962,83,1.0000488758087158,40000,6000,"[6, 14, 18, 17, 11, 8, 19]"
303,4,1,5,5,,"[11, 3, 48, 75, 29]",3222,35,0.09143877029418945,40000,6000,"[11, 15, 17, 8, 19]"
304,4,1,11,11,,"[13, 90, 71, 82, 3, 79, 32, 58, 75, 48, 29]",7778,67,1.0000643730163574,40000,6000,"[11, 1, 3, 18, 15, 9, 5, 10, 8, 17, 19]"
305,4,1,7,7,,"[88, 39, 36, 58, 53, 66, 29]",4750,86,1.0000932216644287,40000,6000,"[1, 2, 4, 10, 7, 14, 19]"
306,4,1,9,9,,"[46, 32, 36, 58, 53, 16, 93, 11, 29]",6218,81,1.0000486373901367,40000,6000,"[6, 5, 4, 10, 7, 13, 16, 11, 19]"
307,4,1,10,10,,"[82, 13, 51, 75, 3, 16, 93, 66, 45, 29]",10965,94,1.0000519752502441,40000,6000,"[18, 11, 17, 8, 15, 13, 16, 14, 6, 19]"
308,4,1,4,4,,"[80, 66, 45, 29]",7485,62,0.0035343170166015625,40000,6000,"[18, 14, 6, 19]"
309,4,1,8,8,,"[13, 3, 93, 16, 53, 85, 75, 29]",6241,74,1.0000414848327637,40000,6000,"[11, 15, 16, 13, 7, 12, 8, 19]"
310,4,1,12,12,,"[39, 79, 32, 72, 60, 75, 48, 11, 80, 69, 88, 29]",8891,101,1.0000438690185547,40000,6000,"[2, 9, 5, 4, 10, 8, 17, 11, 18, 3, 1, 19]"
311,4,1,3,3,,"[80, 48, 29]",2944,21,0.0004029273986816406,40000,6000,"[18, 17, 19]"
312,4,1,8,8,,"[90, 11, 3, 93, 66, 80, 48, 29]",6237,72,1.0000510215759277,40000,6000,"[1, 11, 15, 16, 14, 18, 17, 19]"
313,4,1,2,2,,"[11, 29]",1502,14,0.0001728534698486328,40000,6000,"[11, 19]"
314,4,1,4,4,,"[45, 39, 88, 29]",6555,43,0.08458161354064941,40000,6000,"[6, 2, 1, 19]"
315,4,1,5,5,,"[11, 3, 85, 75, 29]",2972,35,0.011051654815673828,40000,6000,"[11, 15, 12, 8, 19]"
316,4,1,10,10,,"[90, 39, 79, 3, 48, 75, 11, 80, 66, 29]",6991,86,1.0000507831573486,40000,6000,"[1, 2, 9, 15, 17, 8, 11, 18, 14, 19]"
317,4,1,2,2,,"[45, 29]",5798,29,0.00016880035400390625,40000,6000,"[6, 19]"
318,4,1,13,13,,"[46, 67, 93, 86, 4, 18, 75, 11, 48, 80, 69, 88, 29]",10178,100,1.0000555515289307,40000,6000,"[6, 14, 16, 12, 15, 13, 8, 11, 17, 18, 3, 1, 19]"
319,4,1,10,10,,"[46, 32, 60, 36, 79, 39, 88, 11, 80, 29]",6478,68,1.0000452995300293,40000,6000,"[6, 5, 10, 4, 9, 2, 1, 11, 18, 19]"
320,4,1,3,3,,"[39, 88, 29]",2107,21,0.00029277801513671875,40000,6000,"[2, 1, 19]"
321,4,1,15,15,,"[82, 13, 93, 86, 4, 67, 46, 39, 72, 58, 53, 16, 75, 48, 29]",10545,106,1.0000598430633545,40000,6000,"[18, 11, 16, 12, 15, 14, 6, 2, 4, 10, 7, 13, 8, 17, 19]"
322,4,1,7,7,,"[80, 3, 48, 11, 88, 69, 29]",5780,68,1.0000460147857666,40000,6000,"[18, 15, 17, 11, 1, 3, 19]"
323,4,1,10,10,,"[82, 67, 55, 39, 79, 3, 16, 93, 11, 29]",6920,66,1.000046730041504,40000,6000,"[18, 14, 7, 2, 9, 15, 13, 16, 11, 19]"
324,4,1,14,14,,"[39, 55, 86, 4, 79, 32, 46, 66, 80, 69, 88, 11, 48, 29]",10188,127,1.0001039505004883,40000,6000,"[2, 7, 12, 15, 9, 5, 6, 14, 18, 3, 1, 11, 17, 19]"
325,4,2,12,12,,"[46, 32, 79, 39, 53, 86, 75, 11, 80, 48, 3, 29]",7341,100,2.0000500679016113,40000,6000,"[6, 5, 9, 2, 7, 12, 8, 11, 18, 17, 15, 19]"
326,4,2,3,3,,"[11, 75, 29]",2077,21,0.0003275871276855469,40000,6000,"[11, 8, 19]"
327,4,2,7,7,,"[45, 66, 80, 48, 11, 75, 29]",8962,83,1.594181776046753,40000,6000,"[6, 14, 18, 17, 11, 8, 19]"
328,4,2,5,5,,"[11, 3, 48, 75, 29]",3222,35,0.010379314422607422,40000,6000,"[11, 15, 17, 8, 19]"
329,4,2,11,11,,"[13, 90, 71, 82, 3, 79, 32, 58, 75, 48, 29]",7778,67,2.000047206878662,40000,6000,"[11, 1, 3, 18, 15, 9, 5, 10, 8, 17, 19]"
330,4,2,7,7,,"[88, 39, 36, 58, 53, 66, 29]",4750,86,1.195627212524414,40000,6000,"[1, 2, 4, 10, 7, 14, 19]"
331,4,2,9,9,,"[46, 32, 36, 58, 53, 16, 93, 11, 29]",6218,81,2.0000550746917725,40000,6000,"[6, 5, 4, 10, 7, 13, 16, 11, 19]"
332,4,2,10,10,,"[82, 13, 51, 75, 3, 16, 93, 66, 45, 29]",10965,94,2.0000553131103516,40000,6000,"[18, 11, 17, 8, 15, 13, 16, 14, 6, 19]"
333,4,2,4,4,,"[80, 66, 45, 29]",7485,62,0.002637147903442383,40000,6000,"[18, 14, 6, 19]"
334,4,2,8,8,,"[11, 3, 93, 16, 53, 85, 75, 29]",5615,76,2.0000622272491455,40000,6000,"[11, 15, 16, 13, 7, 12, 8, 19]"
335,4,2,12,12,,"[39, 79, 32, 72, 58, 75, 48, 11, 80, 69, 88, 29]",8221,103,2.0000553131103516,40000,6000,"[2, 9, 5, 4, 10, 8, 17, 11, 18, 3, 1, 19]"
336,4,2,3,3,,"[80, 48, 29]",2944,21,0.00042366981506347656,40000,6000,"[18, 17, 19]"
337,4,2,8,8,,"[89, 11, 3, 93, 66, 80, 48, 29]",7142,76,2.000041961669922,40000,6000,"[1, 11, 15, 16, 14, 18, 17, 19]"
338,4,2,2,2,,"[11, 29]",1502,14,8.082389831542969e-05,40000,6000,"[11, 19]"
339,4,2,4,4,,"[45, 39, 88, 29]",6555,43,0.0032312870025634766,40000,6000,"[6, 2, 1, 19]"
340,4,2,5,5,,"[11, 3, 85, 75, 29]",2972,35,0.006860017776489258,40000,6000,"[11, 15, 12, 8, 19]"
341,4,2,10,10,,"[90, 39, 79, 3, 48, 75, 11, 80, 66, 29]",6991,86,2.000058174133301,40000,6000,"[1, 2, 9, 15, 17, 8, 11, 18, 14, 19]"
342,4,2,2,2,,"[45, 29]",5798,29,0.0002181529998779297,40000,6000,"[6, 19]"
343,4,2,13,13,,"[46, 67, 93, 86, 4, 16, 75, 11, 48, 80, 69, 88, 29]",10986,102,2.0000483989715576,40000,6000,"[6, 14, 16, 12, 15, 13, 8, 11, 17, 18, 3, 1, 19]"
344,4,2,10,10,,"[46, 32, 58, 36, 79, 39, 88, 11, 80, 29]",5808,70,2.00003981590271,40000,6000,"[6, 5, 10, 4, 9, 2, 1, 11, 18, 19]"
345,4,2,3,3,,"[39, 88, 29]",2107,21,0.08223581314086914,40000,6000,"[2, 1, 19]"
346,4,2,15,15,,"[82, 13, 93, 86, 4, 67, 46, 39, 36, 58, 53, 16, 75, 48, 29]",10874,108,2.000063419342041,40000,6000,"[18, 11, 16, 12, 15, 14, 6, 2, 4, 10, 7, 13, 8, 17, 19]"
347,4,2,7,7,,"[80, 3, 48, 11, 88, 69, 29]",5780,68,0.809011697769165,40000,6000,"[18, 15, 17, 11, 1, 3, 19]"
348,4,2,10,10,,"[82, 67, 54, 39, 79, 3, 16, 93, 11, 29]",6583,68,2.000060558319092,40000,6000,"[18, 14, 7, 2, 9, 15, 13, 16, 11, 19]"
349,4,2,14,14,,"[39, 55, 86, 4, 79, 32, 46, 66, 80, 69, 88, 11, 48, 29]",10188,127,2.000060558319092,40000,6000,"[2, 7, 12, 15, 9, 5, 6, 14, 18, 3, 1, 11, 17, 19]"
350,4,3,12,12,,"[46, 32, 79, 39, 53, 85, 75, 11, 80, 48, 3, 29]",7336,102,3.000056266784668,40000,6000,"[6, 5, 9, 2, 7, 12, 8, 11, 18, 17, 15, 19]"
351,4,3,3,3,,"[11, 75, 29]",2077,21,0.00022649765014648438,40000,6000,"[11, 8, 19]"
352,4,3,7,7,,"[45, 66, 80, 48, 11, 75, 29]",8962,83,1.21840500831604,40000,6000,"[6, 14, 18, 17, 11, 8, 19]"
353,4,3,5,5,,"[11, 3, 48, 75, 29]",3222,35,0.08164024353027344,40000,6000,"[11, 15, 17, 8, 19]"
354,4,3,11,11,,"[13, 90, 71, 82, 3, 79, 32, 58, 75, 48, 29]",7778,67,3.00005841255188,40000,6000,"[11, 1, 3, 18, 15, 9, 5, 10, 8, 17, 19]"
355,4,3,7,7,,"[88, 39, 36, 58, 53, 66, 29]",4750,86,1.3035931587219238,40000,6000,"[1, 2, 4, 10, 7, 14, 19]"
356,4,3,9,9,,"[46, 32, 36, 58, 53, 16, 93, 11, 29]",6218,81,3.0000548362731934,40000,6000,"[6, 5, 4, 10, 7, 13, 16, 11, 19]"
357,4,3,10,10,,"[82, 13, 51, 75, 3, 16, 93, 66, 45, 29]",10965,94,3.000053644180298,40000,6000,"[18, 11, 17, 8, 15, 13, 16, 14, 6, 19]"
358,4,3,4,4,,"[80, 66, 45, 29]",7485,62,0.003426074981689453,40000,6000,"[18, 14, 6, 19]"
359,4,3,8,8,,"[11, 3, 93, 16, 53, 85, 75, 29]",5615,76,2.9018890857696533,40000,6000,"[11, 15, 16, 13, 7, 12, 8, 19]"
360,4,3,12,12,,"[39, 79, 32, 72, 58, 75, 48, 11, 80, 69, 88, 29]",8221,103,3.077242612838745,40000,6000,"[2, 9, 5, 4, 10, 8, 17, 11, 18, 3, 1, 19]"
361,4,3,3,3,,"[80, 48, 29]",2944,21,0.0007646083831787109,40000,6000,"[18, 17, 19]"
362,4,3,8,8,,"[89, 11, 3, 93, 66, 80, 48, 29]",7142,76,3.000048875808716,40000,6000,"[1, 11, 15, 16, 14, 18, 17, 19]"
363,4,3,2,2,,"[11, 29]",1502,14,0.00013327598571777344,40000,6000,"[11, 19]"
364,4,3,4,4,,"[45, 39, 88, 29]",6555,43,0.007943153381347656,40000,6000,"[6, 2, 1, 19]"
365,4,3,5,5,,"[11, 3, 85, 75, 29]",2972,35,0.09695172309875488,40000,6000,"[11, 15, 12, 8, 19]"
366,4,3,10,10,,"[90, 39, 79, 3, 48, 75, 11, 80, 66, 29]",6991,86,3.0000529289245605,40000,6000,"[1, 2, 9, 15, 17, 8, 11, 18, 14, 19]"
367,4,3,2,2,,"[45, 29]",5798,29,0.0003018379211425781,40000,6000,"[6, 19]"
368,4,3,13,13,,"[46, 67, 93, 86, 4, 16, 75, 11, 48, 80, 69, 88, 29]",10986,102,3.0000665187835693,40000,6000,"[6, 14, 16, 12, 15, 13, 8, 11, 17, 18, 3, 1, 19]"
369,4,3,10,10,,"[46, 32, 58, 36, 79, 39, 88, 11, 80, 29]",5808,70,3.000044107437134,40000,6000,"[6, 5, 10, 4, 9, 2, 1, 11, 18, 19]"
370,4,3,3,3,,"[39, 88, 29]",2107,21,0.0003094673156738281,40000,6000,"[2, 1, 19]"
371,4,3,15,15,,"[82, 13, 93, 86, 4, 67, 46, 39, 36, 58, 53, 16, 75, 48, 29]",10874,108,3.0000598430633545,40000,6000,"[18, 11, 16, 12, 15, 14, 6, 2, 4, 10, 7, 13, 8, 17, 19]"
372,4,3,7,7,,"[80, 3, 48, 11, 88, 69, 29]",5780,68,0.7059056758880615,40000,6000,"[18, 15, 17, 11, 1, 3, 19]"
373,4,3,10,10,,"[82, 67, 53, 39, 79, 3, 16, 93, 11, 29]",7135,86,3.000103712081909,40000,6000,"[18, 14, 7, 2, 9, 15, 13, 16, 11, 19]"
374,4,3,14,14,,"[39, 55, 86, 4, 79, 32, 45, 66, 80, 69, 88, 11, 48, 29]",14236,144,3.0000827312469482,40000,6000,"[2, 7, 12, 15, 9, 5, 6, 14, 18, 3, 1, 11, 17, 19]"
