,Unnamed: 0,Student_id,Number Iterations,Personalized Learning Path,Number LMs,Many-to-Many,Sequence,Difficulty,Difficulty Max,Difficulty Raw Score,Prerequisite,Prerequisite Max,Interleaving,Interleaving Max,Prerequisite_raw_score,Interleaving_raw_score,Difficulty Rubric Score,Prerequisite Rubric Score,Interleaving Rubric Score,Combined,Algorithm time
7,7,0,8000,"[1 0 0 0 0 0 0 0 0 0 0 0 0 0 0 0 0 0 0 0 0 0 0 0 0 0 0 0 0 0 0 0 0 0 0 0 0
 0 0 0 0 0 0 0 0 1 1 0 0 0 0 0 0 0 0 0 0 0 0 0 0 0 0 0 0 1 0 0 0 0 0 0 0 0
 0 0 0 0 0 0 0 0 0 0 0 0 0 0 0 0 0 0 0 0 0 0 0 0 0 0 0 0 0 0 0 0 0 0 0 0 0
 0 0 0 0 0 0 0 0 0 0 0 0 0 0 0 0 0 0 0 0 0 0 0 0 0 1 0 0 0 0 0 0 0 0 0 0 0
 0 0 0 0 0 0 0 0 0 0 0 0 0 0 0 0 0 0 0 0 0 0 0 0 0 0 0 0 0 0 1 0 0 0 0 0 0
 0 0 0 0 0 0 1 0 0 0 0 0 0 0 0 0 0 0 0 0 0 0 0 0 0 0 0 0 0 0 0 0 0 0 0 0 0
 0 0 0 0 0 0 0 0 0 0 0 0 0 0 0 0 0 1 0 0 0 0 0 0 0 0 0 0 0 0 0 0 0 0 0 0 0
 0 0 0 0 0 0 0 0 0 0 0 0 0 0 0 0 0 0 0 0 0 0 0 0 0 0 0 0 0 0 0 0 0 0 0 0 0
 0 0 0 0 0 0 0 0 0 0 0 0 0 0 0 0 0 0 0 0 0 0 0 0 0 0 0 0 0 0 0 0 0 0 0 0 0
 0 0 0 0 0 0 0 0 0 0 0 0 0 0 0 0 0 0 0 0 0 0 0]",8,False,"[1, 7, 5, 6, 0, 4, 3, 2]",3,24,0.125,0,10,0,1,0,0,4,4,4,0.99999,0.187738180160522
17,17,1,8000,"[1 1 0 0 1 0 1 0 0 0 0 0 1 1 0 0 0 0 0 0 0 1 0 0 0 1 1 1 1 1 0 0 0 0 0 0 1
 0 0 0 1 0 0 0 0 1 1 0 0 0 0 0 0 0 0 0 0 1 0 1 0 0 0 0 0 0 1 0 0 0 0 0 0 1
 0 0 0 0 1 0 0 0 1 0 0 1 0 1 1 0 0 0 0 0 0 0 0 0 0 0 0 0 0 0 0 0 0 0 0 0 0
 1 0 0 0 0 0 0 1 0 0 0 0 0 0 0 0 0 0 1 0 0 0 1 0 0 1 1 0 1 1 1 1 1 0 0 0 0
 0 0 0 0 0 0 0 0 0 0 0 0 1 0 0 0 0 0 0 0 0 0 0 1 1 0 0 0 0 0 1 1 0 0 0 0 0
 0 1 0 0 1 1 0 0 0 0 0 0 0 0 0 0 0 0 0 0 0 0 0 1 0 0 0 0 1 1 1 1 0 1 1 0 0
 0 0 0 0 0 0 0 0 0 0 0 0 1 1 0 1 1 1 0 1 0 1 0 0 0 0 0 0 0 0 0 0 1 1 1 1 1
 0 0 0 0 1 0 0 0 0 0 0 0 0 1 0 1 1 0 0 0 0 0 1 0 0 0 0 0 0 0 0 0 0 0 0 0 0
 0 0 0 0 0 0 0 1 1 1 1 0 1 1 0 1 0 0 0 0 0 0 0 1 0 1 0 0 0 0 0 0 1 0 0 0 0
 0 0 0 0 0 1 0 0 0 1 0 0 0 0 0 0 0 0 0 0 0 0 0]",80,True,"[3, 6, 50, 67, 13, 21, 28, 40, 38, 56, 58, 68, 78, 39, 73, 79, 18, 77, 60, 14, 19, 69, 45, 48, 43, 8, 11, 17, 4, 7, 2, 0, 35, 65, 62, 76, 74, 34, 31, 53, 49, 59, 63, 46, 61, 29, 37, 33, 15, 52, 54, 71, 32, 30, 36, 25, 57, 66, 5, 9, 55, 75, 72, 23, 51, 22, 27, 20, 70, 64, 10, 1, 42, 44, 47, 12, 16, 24, 26, 41]",145,2246,0.0645592163846839,68,662,0,101,0.102719033232628,0,4,4,4,70.99929,15.935595035553
27,27,2,8000,"[0 0 0 0 0 0 0 0 0 0 0 0 0 0 0 0 0 0 0 0 0 0 0 0 0 0 0 0 0 0 0 0 0 0 0 0 0
 0 0 0 1 0 0 0 0 0 0 0 0 0 0 0 0 0 0 0 0 0 0 0 0 0 0 0 0 0 0 0 0 0 0 0 0 0
 0 0 0 0 0 0 0 0 0 0 0 0 0 0 0 0 0 0 0 0 0 0 0 0 0 0 0 0 0 0 0 0 0 0 0 0 0
 0 0 0 0 0 0 0 0 0 0 0 0 0 0 0 0 0 0 0 1 0 0 0 0 0 0 0 0 0 0 0 0 0 0 0 0 0
 0 0 0 0 0 0 0 0 0 0 0 0 0 0 0 0 0 0 0 0 0 0 0 0 0 0 0 0 0 0 0 0 0 0 0 0 0
 0 0 0 0 0 0 0 0 0 0 0 0 0 0 0 0 0 0 0 0 0 0 0 0 0 1 0 0 0 0 0 0 0 0 0 0 0
 0 0 0 0 0 0 0 0 0 0 0 0 0 0 0 0 0 0 0 0 0 0 0 0 0 0 0 0 0 0 0 0 0 0 0 0 0
 0 0 0 0 1 0 0 0 0 0 0 0 0 0 0 0 0 0 0 0 0 0 0 0 0 0 0 0 0 1 0 0 0 0 0 0 0
 0 0 0 0 0 0 0 0 0 1 0 0 0 0 0 0 0 0 0 0 0 0 0 0 0 0 0 0 0 0 0 0 0 0 0 0 0
 0 0 0 1 0 0 0 0 0 0 0 0 0 0 0 0 0 0 0 0 0 0 0]",7,True,"[6, 5, 0, 2, 3, 1, 4]",0,12,0,0,1,0,1,0,0,4,4,4,0,0.198921680450439
37,37,3,8000,"[1 1 1 1 1 0 1 0 0 0 0 0 0 1 0 1 0 0 1 1 1 0 0 1 0 0 1 0 0 0 0 0 1 1 0 0 0
 0 0 0 0 1 1 1 1 0 0 0 0 0 1 0 0 1 0 0 0 1 0 0 0 0 0 0 0 0 1 0 1 0 0 0 1 0
 0 1 1 1 1 1 1 0 0 0 0 1 0 0 0 1 0 0 0 1 0 0 1 0 0 0 0 0 1 0 0 0 1 0 0 1 1
 0 0 0 0 0 0 0 1 0 0 0 0 1 1 0 0 1 0 1 0 0 1 1 1 1 0 1 1 1 1 0 0 0 0 0 0 0
 0 0 0 0 0 0 0 0 1 0 0 0 0 1 1 0 1 0 1 0 1 0 1 0 0 0 0 0 0 0 1 1 1 0 0 1 1
 1 0 0 0 0 0 0 0 1 0 0 0 1 1 0 0 1 0 0 1 1 1 1 0 0 1 1 0 0 0 0 0 0 1 0 1 1
 1 0 0 1 0 0 1 1 1 0 0 0 0 1 0 0 0 0 0 0 0 0 0 0 1 0 0 0 0 1 0 1 0 1 0 0 0
 1 0 1 1 1 0 0 0 1 0 0 0 1 1 1 1 0 0 0 0 1 1 1 0 1 0 1 0 1 0 0 0 0 0 1 1 1
 0 0 0 0 0 0 0 1 0 1 0 1 1 1 1 1 1 1 0 1 1 1 1 0 0 1 0 0 1 0 0 0 1 1 1 1 0
 0 0 0 1 0 1 1 1 1 1 0 0 1 0 0 0 0 1 1 0 0 1 1]",136,True,"[6, 18, 15, 0, 102, 82, 20, 68, 108, 66, 131, 80, 81, 54, 56, 8, 29, 49, 96, 101, 112, 59, 99, 84, 14, 53, 35, 39, 16, 130, 115, 69, 132, 44, 40, 77, 135, 116, 118, 64, 106, 87, 125, 11, 12, 3, 5, 7, 9, 1, 2, 62, 113, 85, 119, 78, 92, 36, 52, 120, 63, 60, 50, 65, 24, 10, 72, 124, 33, 21, 26, 37, 28, 17, 32, 105, 94, 91, 103, 70, 27, 34, 13, 75, 107, 88, 127, 23, 31, 111, 46, 22, 126, 71, 123, 110, 38, 74, 42, 47, 45, 121, 57, 79, 61, 73, 114, 4, 95, 97, 93, 90, 67, 98, 100, 134, 19, 55, 25, 41, 104, 43, 58, 129, 122, 83, 30, 128, 109, 117, 86, 51, 76, 89, 48, 133]",442,6171,0.0716253443526171,144,1716,2,244,0.0839160839160839,0.0081967213114754,4,4,4,195.99804,46.2940366268158
47,47,4,8000,"[0 1 0 0 0 0 0 0 0 0 0 0 0 0 0 0 0 0 0 0 0 0 0 0 0 0 0 0 0 0 0 0 0 0 0 0 0
 0 0 0 1 0 0 0 0 0 0 0 0 0 0 0 0 0 0 0 0 0 1 0 0 0 0 0 0 0 0 0 0 0 0 0 0 0
 0 0 0 0 0 0 0 0 0 0 0 0 0 0 0 0 0 0 0 0 0 0 0 0 0 0 0 0 0 0 0 0 0 0 0 0 0
 0 0 0 0 0 0 0 0 0 0 0 0 0 0 0 0 0 0 0 0 0 0 0 0 0 0 0 0 0 0 0 0 0 0 0 0 0
 0 0 0 0 0 0 0 0 0 0 0 0 0 1 0 0 0 0 0 0 0 0 0 0 0 0 0 0 0 0 0 0 0 0 0 0 0
 0 0 0 0 0 0 0 0 0 0 0 0 0 0 1 0 0 0 0 0 0 0 0 0 0 0 0 1 0 0 0 0 0 0 0 0 0
 0 0 0 0 0 0 0 0 0 0 0 0 0 0 0 0 0 0 0 0 0 0 0 0 0 0 0 0 0 0 0 0 0 0 0 0 0
 0 0 0 0 0 1 0 0 0 0 0 0 0 0 0 0 0 0 0 0 0 0 0 0 0 0 0 0 0 0 0 0 0 0 0 0 0
 0 0 0 0 0 0 0 0 0 0 0 0 0 0 0 0 0 0 0 0 0 0 0 0 0 0 0 0 0 0 0 0 0 0 0 0 0
 0 0 0 0 0 0 0 0 0 0 0 0 0 0 0 0 0 0 0 0 0 0 0]",7,True,"[2, 3, 6, 4, 0, 5, 1]",0,0,0,0,5,0,2,0,0,4,4,4,0,0.200762748718262
57,57,5,8000,"[0 1 0 0 0 0 0 0 0 0 0 0 0 0 0 0 0 0 0 0 0 0 0 0 0 0 0 0 0 0 0 0 0 0 0 0 0
 0 0 0 1 0 0 0 0 0 0 0 0 0 0 0 0 0 0 1 0 0 0 0 0 0 0 0 0 0 0 0 0 0 0 0 0 0
 0 0 0 0 0 0 0 0 0 0 0 0 0 0 0 0 0 0 0 0 0 0 0 0 0 0 0 0 0 0 0 0 0 0 0 0 0
 0 0 0 0 0 0 0 0 0 0 0 0 0 0 0 0 0 0 0 0 0 0 0 0 0 0 0 0 0 0 0 0 0 0 0 0 0
 0 0 0 0 0 0 0 0 0 0 0 0 0 0 0 0 0 0 0 0 0 0 0 0 0 0 0 0 0 0 0 0 0 0 0 0 0
 0 0 0 0 0 0 0 0 0 0 0 0 0 0 0 0 0 0 0 0 0 0 0 0 0 1 0 0 0 0 0 0 0 0 0 0 0
 0 0 0 0 0 0 0 0 0 0 0 0 0 0 0 0 0 0 0 0 0 0 0 0 0 0 0 0 0 0 0 0 1 0 0 0 0
 0 0 0 0 0 0 0 0 0 0 0 0 0 0 0 0 0 0 0 0 0 0 0 0 0 0 0 0 0 0 0 0 0 0 0 0 0
 0 0 0 0 0 0 0 0 0 0 0 0 0 0 0 0 0 0 0 0 0 0 0 0 0 0 0 0 0 0 0 0 0 0 0 0 0
 0 0 0 0 0 0 0 0 0 0 0 0 0 0 0 0 0 0 0 0 0 0 0]",5,False,"[0, 3, 4, 2, 1]",2,8,0.25,0,4,0,0,0,0,4,4,4,0.66666,0.136152267456055
67,67,6,8000,"[1 1 0 0 0 1 1 0 0 0 1 0 0 1 1 0 0 1 1 1 1 0 0 1 0 1 1 0 0 0 1 0 0 0 0 0 0
 1 1 1 1 1 0 0 0 1 0 0 1 0 1 0 1 0 1 1 1 0 0 0 0 1 0 0 0 1 1 1 1 1 0 0 0 1
 1 0 1 0 1 0 0 0 0 0 1 1 0 0 0 0 0 1 0 0 0 0 0 0 0 0 0 0 0 0 0 0 0 0 0 0 0
 0 0 0 1 0 0 0 0 0 0 0 1 1 0 1 0 1 1 1 0 1 0 0 0 1 1 0 1 1 0 1 0 0 0 0 1 0
 0 1 0 0 0 1 0 0 0 0 0 0 1 0 1 0 1 0 1 1 0 1 1 1 1 0 0 0 0 0 1 1 0 1 0 1 1
 1 0 1 1 1 0 1 1 0 0 1 1 0 1 1 0 1 0 0 1 0 1 0 1 1 1 0 0 0 1 1 0 0 0 0 0 0
 0 0 0 0 1 1 1 0 1 0 1 1 0 0 0 0 1 1 0 0 1 0 0 0 1 0 0 0 1 0 1 1 1 0 0 0 0
 0 0 0 1 1 0 1 1 0 0 1 0 1 1 1 0 0 0 0 0 0 1 0 0 0 0 1 1 0 0 0 0 0 1 0 0 1
 0 0 0 0 0 0 0 1 0 1 1 1 0 1 0 1 0 0 1 1 1 1 0 1 0 0 0 0 1 0 0 1 1 0 1 1 0
 0 0 0 0 0 1 0 0 0 0 0 0 1 0 0 0 0 0 0 0 1 1 0]",135,True,"[4, 6, 56, 94, 9, 18, 30, 66, 113, 37, 111, 69, 64, 79, 36, 100, 129, 25, 49, 16, 131, 55, 110, 107, 122, 134, 82, 32, 112, 81, 60, 72, 44, 2, 115, 41, 13, 89, 74, 86, 133, 8, 77, 43, 121, 105, 11, 7, 5, 1, 3, 0, 99, 58, 98, 132, 87, 93, 68, 61, 102, 38, 20, 57, 51, 97, 67, 70, 12, 52, 33, 103, 124, 114, 78, 80, 90, 101, 92, 54, 39, 19, 27, 108, 91, 21, 47, 59, 96, 34, 14, 10, 45, 83, 53, 24, 130, 106, 126, 65, 117, 15, 22, 28, 120, 118, 63, 50, 95, 127, 46, 85, 109, 88, 62, 125, 17, 26, 71, 73, 76, 84, 104, 35, 48, 42, 128, 75, 40, 119, 123, 29, 23, 116, 31]",284,6105,0.0465192465192465,82,1268,1,193,0.0646687697160883,0.005181347150259,4,4,4,122.33211,44.9834110736847
77,77,7,8000,"[1 1 1 1 1 1 1 0 1 0 1 0 1 1 1 1 0 1 1 1 0 1 1 1 0 1 1 0 0 0 0 0 1 0 0 1 0
 0 0 1 1 0 0 0 1 1 1 0 0 0 1 1 0 1 0 1 1 1 0 0 0 0 1 0 0 1 1 1 1 1 1 0 0 1
 0 0 0 0 1 0 0 0 1 0 0 1 0 0 0 0 0 0 0 0 0 0 0 0 1 0 0 0 0 0 0 1 0 0 0 0 0
 1 1 1 0 0 0 0 0 0 0 1 1 1 0 0 0 1 0 1 0 0 0 0 1 1 1 0 1 1 0 1 0 1 0 0 0 0
 1 0 0 0 0 0 0 0 0 1 0 1 0 1 0 1 1 0 0 0 1 1 0 1 1 0 1 0 1 1 1 1 1 1 0 1 1
 0 1 0 1 0 1 1 0 0 0 1 0 1 0 0 0 0 0 1 1 1 1 0 1 0 1 0 0 1 1 1 0 1 1 0 1 1
 0 1 1 0 0 1 1 1 0 1 0 1 0 0 0 0 1 1 1 0 0 0 0 0 0 0 0 0 1 1 0 1 0 0 1 0 0
 0 1 0 1 1 0 1 0 0 0 1 0 0 0 1 1 0 1 0 1 0 1 1 0 1 0 0 0 0 0 0 0 0 1 0 0 0
 0 0 0 1 0 0 0 0 0 1 1 0 0 0 0 1 1 1 0 0 1 1 1 1 0 1 0 0 0 0 1 1 1 1 1 1 0
 0 0 1 1 0 1 0 1 1 0 1 0 0 0 0 0 1 0 1 1 0 0 0]",153,True,"[7, 27, 4, 1, 95, 93, 100, 79, 19, 29, 13, 45, 59, 104, 122, 65, 10, 40, 103, 102, 94, 34, 141, 12, 62, 118, 142, 145, 113, 92, 117, 119, 148, 39, 31, 112, 123, 105, 107, 56, 139, 11, 16, 124, 61, 75, 126, 46, 149, 147, 90, 38, 97, 116, 2, 5, 6, 0, 3, 9, 127, 130, 128, 151, 143, 71, 150, 98, 58, 24, 81, 64, 77, 131, 152, 140, 52, 63, 67, 42, 60, 138, 144, 83, 80, 129, 73, 15, 25, 18, 41, 111, 20, 26, 72, 78, 96, 84, 86, 88, 69, 66, 8, 35, 14, 110, 120, 89, 17, 37, 135, 101, 132, 115, 23, 57, 30, 114, 108, 136, 50, 74, 134, 28, 36, 21, 146, 106, 44, 22, 91, 70, 76, 48, 33, 55, 43, 32, 82, 68, 49, 47, 133, 125, 99, 87, 54, 137, 121, 51, 53, 85, 109]",438,7982,0.0548734652969181,141,1689,1,266,0.0834813499111901,0.0037593984962406,4,4,4,193.3314,58.368971824646
87,87,8,8000,"[0 1 0 0 0 0 0 0 0 0 0 0 0 1 0 0 0 0 0 0 0 0 0 0 0 0 0 0 0 0 0 0 0 0 0 0 0
 0 0 0 0 0 0 0 0 0 0 0 0 0 0 0 0 0 0 0 0 0 0 0 0 0 0 0 0 0 0 0 0 0 0 0 0 0
 0 0 0 0 0 0 0 0 0 0 0 0 0 0 0 0 0 0 0 0 0 0 0 0 0 0 0 0 0 0 0 0 0 0 0 0 0
 0 0 0 0 0 0 0 0 0 0 0 0 0 0 0 0 0 0 0 0 0 0 0 0 0 0 0 0 0 0 0 0 0 0 0 0 0
 0 0 0 0 0 0 0 0 0 0 0 0 0 0 0 0 0 0 0 0 0 0 0 0 0 0 0 0 0 0 0 0 0 0 0 0 0
 0 0 0 0 0 0 0 0 0 0 0 0 0 0 0 0 0 0 0 0 0 0 0 0 0 1 0 0 0 0 0 0 0 0 0 0 0
 0 0 0 0 0 0 0 0 0 0 0 0 0 0 0 0 0 0 0 0 0 0 0 0 0 0 0 0 0 0 0 0 1 0 0 0 0
 0 0 0 0 0 0 0 0 0 0 0 0 0 0 0 1 0 0 0 0 0 0 0 0 0 0 0 0 0 0 0 0 0 0 0 0 1
 0 0 0 0 0 0 0 0 0 0 0 0 0 0 0 0 0 0 0 0 0 0 0 0 0 0 0 0 0 0 0 0 0 0 0 0 0
 0 0 0 0 0 0 0 0 0 0 0 0 0 0 0 0 0 0 0 0 0 0 0]",6,True,"[5, 1, 3, 0, 2, 4]",2,9,0.222222222222222,1,5,0,0,0.2,0,4,4,4,0.99999,0.164402008056641
97,97,9,8000,"[0 0 1 0 0 0 0 0 0 0 0 0 0 1 0 0 0 0 0 0 0 0 0 0 0 0 0 0 0 0 0 0 0 0 0 0 0
 0 0 0 0 0 0 0 0 0 0 0 0 0 1 0 0 0 0 0 0 0 0 0 0 0 0 0 0 0 0 0 0 0 0 0 0 0
 0 0 0 0 0 0 0 0 0 0 0 0 0 0 0 0 0 0 0 0 0 0 0 0 0 0 0 0 0 0 0 0 0 0 0 0 0
 0 0 0 0 0 0 0 0 0 0 0 0 0 0 0 0 0 0 0 0 1 0 0 0 0 0 0 0 0 0 0 0 0 0 0 0 0
 0 0 0 0 0 0 0 0 0 0 0 0 0 0 0 0 0 0 0 0 0 0 0 0 0 0 0 0 0 0 0 0 0 0 0 0 0
 0 0 0 0 0 0 0 0 0 0 0 0 0 0 0 0 0 0 0 0 0 0 0 0 0 0 0 0 0 0 0 0 0 0 0 0 0
 0 0 0 0 0 0 0 0 0 0 0 0 0 0 0 0 0 0 0 0 0 0 0 0 0 0 0 0 0 0 0 0 0 0 0 0 0
 0 0 0 0 0 0 0 0 0 0 0 0 0 0 0 0 0 0 0 0 0 0 0 0 0 0 0 0 0 0 0 0 0 0 0 0 0
 0 0 0 0 0 0 0 0 0 0 0 0 0 0 0 0 0 0 0 0 0 0 0 0 0 0 0 0 0 0 0 0 0 0 0 0 0
 0 0 0 0 0 0 0 0 0 0 0 0 0 0 0 0 0 0 0 0 0 0 0]",4,True,"[0, 3, 2, 1]",1,5,0.2,4,10,0,1,0.4,0,4,3,4,1.66665,0.10964560508728
107,107,10,8000,"[0 0 0 0 0 0 0 0 0 0 0 0 0 0 0 0 0 0 0 0 0 0 0 0 0 0 0 0 0 0 0 0 0 0 0 0 0
 0 0 0 1 0 0 0 0 0 0 0 0 0 0 0 0 0 0 1 0 0 0 0 0 0 0 0 0 0 0 0 0 0 0 0 0 0
 0 0 0 0 0 0 0 0 0 0 0 0 0 0 0 0 0 0 0 0 0 0 0 0 0 0 0 0 0 0 0 0 0 0 0 0 0
 0 0 0 0 0 0 0 0 0 0 0 0 0 0 0 0 0 0 0 0 0 0 0 0 0 0 0 0 1 0 0 0 0 0 0 0 0
 0 0 0 0 1 0 0 0 0 0 0 0 0 0 0 0 0 0 0 0 0 0 0 0 0 0 0 0 0 0 0 0 0 0 0 0 0
 0 0 0 0 0 0 0 0 0 0 0 0 0 0 0 0 0 0 0 0 0 0 0 0 0 0 0 0 0 0 0 0 0 0 0 0 0
 0 0 0 0 0 0 1 0 0 0 0 0 0 0 0 0 0 0 0 0 0 0 0 0 0 0 0 0 0 0 0 0 0 0 0 0 0
 0 0 0 0 0 0 0 0 0 0 0 0 0 0 0 0 0 0 0 0 0 0 0 0 0 0 0 0 0 0 0 0 0 0 0 0 0
 0 0 0 0 0 0 0 0 0 0 0 0 0 0 0 0 0 0 0 0 0 0 0 0 0 0 0 0 0 0 0 0 0 0 0 0 0
 0 0 0 0 0 0 0 0 0 0 0 0 0 0 0 0 0 0 0 0 0 0 0]",5,True,"[2, 3, 0, 4, 1]",1,8,0.125,0,8,0,0,0,0,4,4,4,0.33333,0.134496688842773
117,117,11,8000,"[0 0 0 0 0 0 0 0 0 0 0 0 0 0 0 0 0 0 0 0 0 0 0 0 0 0 0 0 0 0 0 0 0 0 0 0 0
 0 0 0 0 0 0 0 0 0 0 0 0 0 0 0 0 0 0 0 0 0 0 0 0 0 0 0 0 0 0 0 0 0 0 0 0 0
 0 0 0 0 0 0 0 0 0 0 0 0 0 0 0 0 0 0 0 0 0 0 0 0 0 0 0 0 0 0 0 0 0 0 0 0 0
 0 0 0 0 0 0 0 0 0 0 0 0 0 0 0 0 0 0 0 0 0 0 0 0 0 0 0 0 0 0 0 0 0 0 0 0 0
 0 0 0 0 0 0 0 0 0 0 0 0 0 0 0 0 0 0 0 0 0 0 0 0 0 0 0 0 0 0 0 0 0 0 0 0 0
 0 0 0 0 0 0 0 0 0 0 0 0 0 0 0 0 0 0 0 0 0 0 0 0 0 0 0 0 0 0 0 0 0 0 0 0 0
 0 0 0 0 0 0 0 0 0 0 0 0 0 0 0 0 0 0 0 0 0 0 0 0 0 0 0 0 0 0 0 0 0 0 0 0 0
 0 0 0 0 0 0 0 0 0 0 1 0 0 0 0 0 0 0 0 0 0 0 0 0 0 0 0 0 0 0 0 0 0 0 0 0 0
 0 0 0 0 0 0 0 0 0 1 0 0 0 0 0 0 0 0 0 0 0 0 0 0 0 0 0 0 0 0 0 0 0 0 0 0 0
 0 0 0 0 0 0 0 0 0 0 0 0 0 0 0 0 0 0 0 0 0 0 0]",2,False,"[1, 0]",0,1,0,0,0,0,0,0,0,4,4,4,0,0.0723156929016113
